50001,c351,D,SG 1,Regroupement 1,Fire Dispatch,Fire,1
50002,c352,D,SG 2,Regroupement 2,Fire Dispatch,Fire,1
50003,c353,D,SG 3,Regroupement 3,Fire Dispatch,Fire,1
50004,c354,D,SG 4,Regroupement 4,Fire Dispatch,Fire,1
50005,c355,D,SG 5,Regroupement 5,Fire Dispatch,Fire,1
50006,c356,D,SG 6,Regroupement 6,Fire Dispatch,Fire,1
50007,c357,D,SG 7,Regroupement 7,Fire Dispatch,Fire,1
50008,c358,D,SG 8,Regroupement 8,Fire Dispatch,Fire,1
60051,ea93,D,CMD 3,Commandement 3,Fire Dispatch,Fire,1
60052,ea94,D,CMD 4,Commandement 4,Fire Dispatch,Fire,1
60053,ea95,D,CMD 5,Commandement 5,Fire Dispatch,Fire,1
60054,ea96,D,CMD 6,Commandement 6,Fire Dispatch,Fire,1
60055,ea97,D,CMD 7,Commandement 7,Fire Dispatch,Fire,1
60056,ea98,D,CMD 8,Commandement 8,Fire Dispatch,Fire,1
60059,ea9b,D,CMD 11,Commandement 11,Fire Dispatch,Fire,1
60091,eabb,D,CMD 12,Commandement 12,Fire Dispatch,Fire,1
60092,eabc,D,CMD 13,Commandement 13,Fire Dispatch,Fire,1
60057,ea99,D,CMD 14,Commandement 14,Fire Dispatch,Fire,1
60057,ea99,D,CMD 14,Commandement 14,Fire Dispatch,Fire,1
60061,ea9d,D,OPS 3,Operations 3,Fire Tac,Fire,1
60062,ea9e,D,OPS 4,Operations 4,Fire Tac,Fire,1
60063,ea9f,D,OPS 5,Operations 5,Fire Tac,Fire,1
60064,eaa0,D,OPS 6,Operations 6,Fire Tac,Fire,1
60065,eaa1,D,OPS 7,Operations 7,Fire Tac,Fire,1
60066,eaa2,D,OPS 8,Operations 8,Fire Tac,Fire,1
60069,eaa2,D,OPS 11,Operations 11,Fire Tac,Fire,1
60093,eabd,D,OPS 12,Operations 12,Fire Tac,Fire,1
60094,eabe,D,OPS 13,Operations 13,Fire Tac,Fire,1
60067,eaa3,D,OPS 14,Operations 14,Fire Tac,Fire,1
60294,eb86,D,Media,Media,Info,Info,2
